{
  "linear": {
    "add": {
      "intercept": -4.9737991503207013e-14, 
      "coef": [
        1.0000000000000004, 
        1.0000000000000007
      ]
    }, 
    "mul": {
      "intercept": 11586.214662884819, 
      "coef": [
        19.220082550255654, 
        22.359695523304303
      ]
    }, 
    "sub": {
      "intercept": 5.3290705182007514e-14, 
      "coef": [
        1.0, 
        -1.0000000000000004
      ]
    }, 
    "div": {
      "intercept": 0.92493177779625446, 
      "coef": [
        0.0005197594370190415, 
        -2.104416439078381e-05
      ]
    }
  }, 
  "ridge": {
    "add": {
      "aplpha": 0.10000000000000001, 
      "intercept": -0.0001130816906922405, 
      "coef": [
        1.0000015038172798, 
        1.0000035685484763
      ]
    }, 
    "mul": {
      "aplpha": 10.0, 
      "intercept": 11586.214700316705, 
      "coef": [
        19.220081754028797, 
        22.359694607555866
      ]
    }, 
    "sub": {
      "aplpha": 0.10000000000000001, 
      "intercept": -8.1192318823752885e-06, 
      "coef": [
        1.0000004790845523, 
        -1.000000073929798
      ]
    }, 
    "div": {
      "aplpha": 10.0, 
      "intercept": 0.92493177783512937, 
      "coef": [
        0.0005197594410901729, 
        -2.1044169699280246e-05
      ]
    }
  }, 
  "SVR": {
    "add": {
      "support_vectors": 1000, 
      "intercept": [
        42.69642721515838
      ]
    }, 
    "mul": {
      "support_vectors": 1000, 
      "intercept": [
        3902.880519689949
      ]
    }, 
    "sub": {
      "support_vectors": 1000, 
      "intercept": [
        -2.4891657205462674
      ]
    }, 
    "div": {
      "support_vectors": 943, 
      "intercept": [
        0.9897440009000019
      ]
    }
  }, 
  "bagging": {
    "add": {
      "estimators_features": 10, 
      "estimators": 10
    }, 
    "mul": {
      "estimators_features": 10, 
      "estimators": 10
    }, 
    "sub": {
      "estimators_features": 10, 
      "estimators": 10
    }, 
    "div": {
      "estimators_features": 10, 
      "estimators": 10
    }
  }, 
  "gaussian": {
    "add": {
      "theta": [
        [
          100.0
        ]
      ]
    }, 
    "mul": {
      "theta": [
        [
          100.0
        ]
      ]
    }, 
    "sub": {
      "theta": [
        [
          100.0
        ]
      ]
    }, 
    "div": {
      "theta": [
        [
          100.0
        ]
      ]
    }
  }
}