{
  "linear": {
    "sub": {
      "intercept": 1.92603050129445e-15,
      "coef": [
        1.0000000000000044,
        -1.0000000000000024
      ]
    },
    "div": {
      "intercept": 2.8186819269822157e-15,
      "coef": [
        -1.0207561922666814e-16,
        -4.341430319544613e-19
      ]
    },
    "mul": {
      "intercept": -6.013188110895393e-14,
      "coef": [
        6.816624459060995e-15,
        3.9292838678758444e-15
      ]
    },
    "add": {
      "intercept": -1.1993390669943489e-15,
      "coef": [
        1.0000000000000064,
        1.0000000000000027
      ]
    }
  },
  "ridge": {
    "sub": {
      "aplpha": 0.1,
      "intercept": 1.9260271558287007e-15,
      "coef": [
        0.9999910483000682,
        -0.9999960671435334
      ]
    },
    "div": {
      "aplpha": 10.0,
      "intercept": 2.818681926984211e-15,
      "coef": [
        -9.436659786921098e-12,
        -9.067815942565005e-13
      ]
    },
    "mul": {
      "aplpha": 10.0,
      "intercept": -6.013188150908668e-14,
      "coef": [
        2.5700945923898266e-07,
        3.410893225780365e-07
      ]
    },
    "add": {
      "aplpha": 0.1,
      "intercept": -1.1993360068835782e-15,
      "coef": [
        0.9999897504700854,
        0.9999981981900744
      ]
    }
  },
  "SVR": {
    "sub": {
      "intercept": [
        5.680526943040301e-06
      ],
      "support_vectors": 1345
    },
    "div": {
      "intercept": [
        1.1449065150557096e-06
      ],
      "support_vectors": 1291
    },
    "mul": {
      "intercept": [
        1.2668832571997082e-06
      ],
      "support_vectors": 1136
    },
    "add": {
      "intercept": [
        7.703726613910066e-06
      ],
      "support_vectors": 1350
    }
  },
  "bagging": {
    "sub": {
      "estimators_features": 10,
      "estimators": 10
    },
    "div": {
      "estimators_features": 10,
      "estimators": 10
    },
    "mul": {
      "estimators_features": 10,
      "estimators": 10
    },
    "add": {
      "estimators_features": 10,
      "estimators": 10
    }
  },
  "gaussian": {
    "sub": {
      "theta": [
        0.011999341731838666
      ]
    },
    "div": {
      "theta": [
        0.0001008700205660269
      ]
    },
    "mul": {
      "theta": [
        0.13362156762040803
      ]
    },
    "add": {
      "theta": [
        0.012081789088740594
      ]
    }
  }
}