{
  "linear": {
    "add": [
      1.0, 
      1.0
    ], 
    "mul": [
      -0.00638, 
      0.00759
    ], 
    "sub": [
      1.0, 
      1.0
    ], 
    "div": [
      -0.00407, 
      0.00034
    ]
  }, 
  "ridge": {
    "add": [
      1.0, 
      1.0
    ], 
    "mul": [
      -0.00638, 
      0.00759
    ], 
    "sub": [
      1.0, 
      1.0
    ], 
    "div": [
      -0.00407, 
      0.00034
    ]
  }, 
  "lasso": {
    "add": [
      1.0, 
      1.0
    ], 
    "mul": [
      -0.00451, 
      0.00743
    ], 
    "sub": [
      1.0, 
      1.0
    ], 
    "div": [
      -0.00377, 
      0.0
    ]
  }, 
  "elastic": {
    "add": [
      1.0, 
      1.0
    ], 
    "mul": [
      -0.00379, 
      0.00727
    ], 
    "sub": [
      1.0, 
      1.0
    ], 
    "div": [
      -0.00377, 
      0.0
    ]
  }, 
  "bayesian": {
    "add": [
      1.0, 
      1.0
    ], 
    "mul": [
      -0.00322, 
      0.00707
    ], 
    "sub": [
      1.0, 
      1.0
    ], 
    "div": [
      -0.00396, 
      0.0003
    ]
  }, 
  "theil": {
    "add": [
      1.0, 
      1.0
    ], 
    "mul": [
      -0.0021, 
      0.0051
    ], 
    "sub": [
      1.0, 
      1.0
    ], 
    "div": [
      -0.0026, 
      -0.00186
    ]
  }, 
  "PAR": {
    "add": [
      1.0, 
      1.0
    ], 
    "mul": [
      -0.32673, 
      -0.32443
    ], 
    "sub": [
      1.0, 
      1.0
    ], 
    "div": [
      -0.0016, 
      -0.0071
    ]
  }, 
  "SVR": {
    "add": [
      0.00578, 
      1.0
    ], 
    "mul": [
      0.00074, 
      0.23067
    ], 
    "sub": [
      -0.0014, 
      1.0
    ], 
    "div": [
      -0.00172, 
      0.99994
    ]
  }, 
  "bagging": {
    "add": [
      0.99775, 
      0.99949
    ], 
    "mul": [
      0.98305, 
      0.99687
    ], 
    "sub": [
      0.99812, 
      0.99952
    ], 
    "div": [
      -0.01539, 
      0.78858
    ]
  }, 
  "dtree": {
    "add": [
      0.99435, 
      1.0
    ], 
    "mul": [
      0.92139, 
      1.0
    ], 
    "sub": [
      0.99433, 
      1.0
    ], 
    "div": [
      -0.02037, 
      1.0
    ]
  }, 
  "gaussian": {
    "add": [
      1.0, 
      1.0
    ], 
    "mul": [
      1.0, 
      1.0
    ], 
    "sub": [
      1.0, 
      1.0
    ], 
    "div": [
      0.00011, 
      1.0
    ]
  }, 
  "PLS": {
    "add": [
      0.00108, 
      0.00346
    ], 
    "mul": [
      -3e-05, 
      3e-05
    ], 
    "sub": [
      -0.00114, 
      0.00346
    ], 
    "div": [
      -0.00377, 
      0.0
    ]
  }, 
  "MLP": {
    "add": [
      1.0, 
      1.0
    ], 
    "mul": [
      0.23538, 
      0.23309
    ], 
    "sub": [
      0.99999, 
      0.99999
    ], 
    "div": [
      -0.01086, 
      0.03886
    ]
  }, 
  "knnr": {
    "add": [
      0.99843, 
      0.9992
    ], 
    "mul": [
      0.99706, 
      0.9983
    ], 
    "sub": [
      0.99861, 
      0.99918
    ], 
    "div": [
      -0.00398, 
      0.30049
    ]
  }, 
  "k_ridge": {
    "add": [
      1.0, 
      1.0
    ], 
    "mul": [
      1.0, 
      1.0
    ], 
    "sub": [
      1.0, 
      1.0
    ], 
    "div": [
      -0.00563, 
      0.00643
    ]
  }, 
  "forest": {
    "add": [
      0.99803, 
      0.99951
    ], 
    "mul": [
      0.98423, 
      0.99817
    ], 
    "sub": [
      0.99804, 
      0.99951
    ], 
    "div": [
      -0.00948, 
      0.77388
    ]
  }
}