{
  "linear": {
    "add": [
      1.0, 
      1.0
    ], 
    "mul": [
      0.00138, 
      0.0038
    ], 
    "sub": [
      1.0, 
      1.0
    ], 
    "div": [
      -0.00046, 
      0.00025
    ]
  }, 
  "ridge": {
    "add": [
      1.0, 
      1.0
    ], 
    "mul": [
      0.00138, 
      0.0038
    ], 
    "sub": [
      1.0, 
      1.0
    ], 
    "div": [
      -0.00046, 
      0.00025
    ]
  }, 
  "lasso": {
    "add": [
      1.0, 
      1.0
    ], 
    "mul": [
      0.00019, 
      0.00046
    ], 
    "sub": [
      1.0, 
      1.0
    ], 
    "div": [
      -0.00014, 
      0.0
    ]
  }, 
  "elastic": {
    "add": [
      1.0, 
      1.0
    ], 
    "mul": [
      0.00139, 
      0.00241
    ], 
    "sub": [
      1.0, 
      1.0
    ], 
    "div": [
      -0.00014, 
      0.0
    ]
  }, 
  "bayesian": {
    "add": [
      1.0, 
      1.0
    ], 
    "mul": [
      0.00146, 
      0.00274
    ], 
    "sub": [
      1.0, 
      1.0
    ], 
    "div": [
      -0.00026, 
      0.00019
    ]
  }, 
  "theil": {
    "add": [
      1.0, 
      1.0
    ], 
    "mul": [
      0.00074, 
      0.00218
    ], 
    "sub": [
      1.0, 
      1.0
    ], 
    "div": [
      -4e-05, 
      1e-05
    ]
  }, 
  "PAR": {
    "add": [
      1.0, 
      1.0
    ], 
    "mul": [
      -1.14785, 
      -1.19525
    ], 
    "sub": [
      1.0, 
      1.0
    ], 
    "div": [
      -0.00831, 
      -0.01388
    ]
  }, 
  "SVR": {
    "add": [
      0.98734, 
      0.99846
    ], 
    "mul": [
      0.01409, 
      0.01703
    ], 
    "sub": [
      0.98371, 
      0.99799
    ], 
    "div": [
      -0.08183, 
      0.26681
    ]
  }, 
  "bagging": {
    "add": [
      0.99811, 
      0.99951
    ], 
    "mul": [
      0.99016, 
      0.99738
    ], 
    "sub": [
      0.99791, 
      0.99942
    ], 
    "div": [
      -0.3698, 
      0.90935
    ]
  }, 
  "dtree": {
    "add": [
      0.99484, 
      1.0
    ], 
    "mul": [
      0.93717, 
      1.0
    ], 
    "sub": [
      0.99367, 
      1.0
    ], 
    "div": [
      -0.2054, 
      1.0
    ]
  }, 
  "gaussian": {
    "add": [
      1.0, 
      1.0
    ], 
    "mul": [
      1.0, 
      1.0
    ], 
    "sub": [
      1.0, 
      1.0
    ], 
    "div": [
      -0.12745, 
      1.0
    ]
  }, 
  "PLS": {
    "add": [
      0.00308, 
      0.00347
    ], 
    "mul": [
      -0.00027, 
      1e-05
    ], 
    "sub": [
      0.00347, 
      0.00347
    ], 
    "div": [
      -0.00014, 
      0.0
    ]
  }, 
  "MLP": {
    "add": [
      0.99999, 
      0.99999
    ], 
    "mul": [
      0.24169, 
      0.23988
    ], 
    "sub": [
      0.99999, 
      0.99999
    ], 
    "div": [
      -0.07377, 
      -0.09996
    ]
  }, 
  "knnr": {
    "add": [
      0.9988, 
      0.99909
    ], 
    "mul": [
      0.99726, 
      0.99814
    ], 
    "sub": [
      0.9987, 
      0.99907
    ], 
    "div": [
      -0.18284, 
      0.23496
    ]
  }, 
  "k_ridge": {
    "add": [
      1.0, 
      1.0
    ], 
    "mul": [
      1.0, 
      1.0
    ], 
    "sub": [
      1.0, 
      1.0
    ], 
    "div": [
      0.00153, 
      0.00289
    ]
  }, 
  "forest": {
    "add": [
      0.9979, 
      0.99955
    ], 
    "mul": [
      0.98926, 
      0.9973
    ], 
    "sub": [
      0.99778, 
      0.99947
    ], 
    "div": [
      -0.79246, 
      0.73213
    ]
  }
}