{
  "linear": {
    "sub": [
      1.0,
      1.0
    ],
    "div": [
      -0.0012693410742181666,
      0.0
    ],
    "mul": [
      -0.0008348894502931969,
      0.0
    ],
    "add": [
      1.0,
      1.0
    ]
  },
  "ridge": {
    "sub": [
      0.9999999999524296,
      0.9999999999521999
    ],
    "div": [
      -0.0012693410896265078,
      0.0
    ],
    "mul": [
      -0.0008348894430489917,
      0.0
    ],
    "add": [
      0.9999999999478246,
      0.9999999999458503
    ]
  },
  "SVR": {
    "sub": [
      3.0749142093000614e-05,
      0.9999999292074669
    ],
    "div": [
      -0.003574764825745147,
      0.2129807620037939
    ],
    "mul": [
      -0.0008311240401406295,
      0.2455189421759263
    ],
    "add": [
      0.0005417187449938687,
      0.9999999292237552
    ]
  },
  "bagging": {
    "sub": [
      0.9848078296422321,
      0.9992627522383887
    ],
    "div": [
      0.9587273487690413,
      0.9646923065425822
    ],
    "mul": [
      0.9663563109290105,
      0.9762476096620183
    ],
    "add": [
      0.983447625564381,
      0.9987918834355017
    ]
  },
  "gaussian": {
    "sub": [
      0.9999999999809729,
      0.999999999950703
    ],
    "div": [
      -45928.43070873872,
      -175.86419575232296
    ],
    "mul": [
      0.9999532918238434,
      0.9994995681348028
    ],
    "add": [
      0.9999999999480809,
      0.9999999999012407
    ]
  }
}