{
  "SVR": {
    "div": [
      -0.003937928099083221,
      0.21298074907802467
    ],
    "sub": [
      -0.0015953316144308172,
      0.9999999292113905
    ],
    "add": [
      -0.00026642109727448293,
      0.9999999291939656
    ],
    "mul": [
      -0.0031498142415673502,
      0.2455189421759263
    ]
  }
}