{
  "linear": {
    "sub": 1.0,
    "div": -0.0004491069761012323,
    "add": 1.0,
    "mul": -0.0009876868064702116
  },
  "SVR": {
    "sub": -0.00010324312887433074,
    "div": 0.0010153754953593497,
    "add": -4.627638434828718e-05,
    "mul": -0.0009876846509870862
  },
  "bagging": {
    "sub": 0.9971030926592223,
    "div": 0.9930913665110059,
    "add": 0.9971808818874218,
    "mul": 0.994612910874688
  },
  "ridge": {
    "sub": 0.9999999074531188,
    "div": -0.00044910929480956874,
    "add": 0.9999998845982588,
    "mul": -0.0009876866696538755
  },
  "bayesian": {
    "sub": 1.0,
    "div": -0.00044910697610101025,
    "add": 1.0,
    "mul": -0.0009876868064702116
  },
  "lars": {
    "sub": 1.0,
    "div": -0.00044910697610101025,
    "add": 1.0,
    "mul": -0.0009876868064702116
  }
}