{
  "linear": {
    "add": [
      1.0, 
      1.0
    ], 
    "mul": [
      0.0046130751744692944, 
      0.002617034754873182
    ], 
    "sub": [
      1.0, 
      1.0
    ], 
    "div": [
      3.8691826283576702e-05, 
      0.00015188660495346618
    ]
  }, 
  "ridge": {
    "add": [
      0.99999999999255362, 
      0.99999999999246136
    ], 
    "mul": [
      0.0046130749964772289, 
      0.002617034754873182
    ], 
    "sub": [
      0.99999999999988132, 
      0.99999999999988209
    ], 
    "div": [
      3.8691827495607178e-05, 
      0.00015188660495302209
    ]
  }, 
  "SVR": {
    "add": [
      0.0026763910691800508, 
      0.9999999824235557
    ], 
    "mul": [
      -8.0007551105154562e-05, 
      0.23410252682771826
    ], 
    "sub": [
      -0.0026992980916007436, 
      0.99999998112969113
    ], 
    "div": [
      0.001261757827729415, 
      0.99997993553968412
    ]
  }, 
  "bagging": {
    "add": [
      0.99773398851263173, 
      0.99943333815527113
    ], 
    "mul": [
      0.99453683610661137, 
      0.99811240901077392
    ], 
    "sub": [
      0.99812249944726805, 
      0.99954771564557343
    ], 
    "div": [
      0.26173820274687976, 
      0.86129309990347147
    ]
  }, 
  "gaussian": {
    "add": [
      0.81798714082974244, 
      0.91305266153557663
    ], 
    "mul": [
      0.79972986856144024, 
      0.90668465484409388
    ], 
    "sub": [
      0.77649070000523934, 
      0.8881336638232491
    ], 
    "div": [
      -0.021481127964933178, 
      -0.26220892241630289
    ]
  }
}